"filename", "language", "JSON", "JavaScript", "Markdown", "PlantUML", "HTML", "CSS", "XML", "comment", "blank", "total"
"c:\Users\User\Desktop\Tesla\Relative 3.0\Software Engineering\Project\EzWh\EzWh\code\Readme.md", "Markdown", 0, 0, 23, 0, 0, 0, 0, 0, 14, 37
"c:\Users\User\Desktop\Tesla\Relative 3.0\Software Engineering\Project\EzWh\EzWh\code\client\README.md", "Markdown", 0, 0, 38, 0, 0, 0, 0, 0, 33, 71
"c:\Users\User\Desktop\Tesla\Relative 3.0\Software Engineering\Project\EzWh\EzWh\code\client\package-lock.json", "JSON", 27806, 0, 0, 0, 0, 0, 0, 0, 1, 27807
"c:\Users\User\Desktop\Tesla\Relative 3.0\Software Engineering\Project\EzWh\EzWh\code\client\package.json", "JSON", 46, 0, 0, 0, 0, 0, 0, 0, 1, 47
"c:\Users\User\Desktop\Tesla\Relative 3.0\Software Engineering\Project\EzWh\EzWh\code\client\public\index.html", "HTML", 0, 0, 0, 0, 20, 0, 0, 23, 1, 44
"c:\Users\User\Desktop\Tesla\Relative 3.0\Software Engineering\Project\EzWh\EzWh\code\client\public\manifest.json", "JSON", 25, 0, 0, 0, 0, 0, 0, 0, 1, 26
"c:\Users\User\Desktop\Tesla\Relative 3.0\Software Engineering\Project\EzWh\EzWh\code\client\src\API.js", "JavaScript", 0, 1100, 0, 0, 0, 0, 0, 41, 49, 1190
"c:\Users\User\Desktop\Tesla\Relative 3.0\Software Engineering\Project\EzWh\EzWh\code\client\src\AcceptCancelRejectIO.js", "JavaScript", 0, 134, 0, 0, 0, 0, 0, 0, 12, 146
"c:\Users\User\Desktop\Tesla\Relative 3.0\Software Engineering\Project\EzWh\EzWh\code\client\src\AcceptRO.js", "JavaScript", 0, 113, 0, 0, 0, 0, 0, 0, 10, 123
"c:\Users\User\Desktop\Tesla\Relative 3.0\Software Engineering\Project\EzWh\EzWh\code\client\src\App.css", "CSS", 0, 0, 0, 0, 0, 84, 0, 0, 19, 103
"c:\Users\User\Desktop\Tesla\Relative 3.0\Software Engineering\Project\EzWh\EzWh\code\client\src\App.js", "JavaScript", 0, 1954, 0, 0, 0, 0, 0, 62, 127, 2143
"c:\Users\User\Desktop\Tesla\Relative 3.0\Software Engineering\Project\EzWh\EzWh\code\client\src\App.test.js", "JavaScript", 0, 7, 0, 0, 0, 0, 0, 0, 2, 9
"c:\Users\User\Desktop\Tesla\Relative 3.0\Software Engineering\Project\EzWh\EzWh\code\client\src\Clerk.js", "JavaScript", 0, 27, 0, 0, 0, 0, 0, 0, 8, 35
"c:\Users\User\Desktop\Tesla\Relative 3.0\Software Engineering\Project\EzWh\EzWh\code\client\src\Customer.js", "JavaScript", 0, 27, 0, 0, 0, 0, 0, 0, 8, 35
"c:\Users\User\Desktop\Tesla\Relative 3.0\Software Engineering\Project\EzWh\EzWh\code\client\src\DeleteItem.js", "JavaScript", 0, 104, 0, 0, 0, 0, 0, 0, 11, 115
"c:\Users\User\Desktop\Tesla\Relative 3.0\Software Engineering\Project\EzWh\EzWh\code\client\src\DeleteTestDescriptor.js", "JavaScript", 0, 104, 0, 0, 0, 0, 0, 0, 11, 115
"c:\Users\User\Desktop\Tesla\Relative 3.0\Software Engineering\Project\EzWh\EzWh\code\client\src\DeliverIO.js", "JavaScript", 0, 152, 0, 0, 0, 0, 0, 2, 15, 169
"c:\Users\User\Desktop\Tesla\Relative 3.0\Software Engineering\Project\EzWh\EzWh\code\client\src\DeliverRO.js", "JavaScript", 0, 105, 0, 0, 0, 0, 0, 0, 10, 115
"c:\Users\User\Desktop\Tesla\Relative 3.0\Software Engineering\Project\EzWh\EzWh\code\client\src\DeliveryEmployee.js", "JavaScript", 0, 22, 0, 0, 0, 0, 0, 0, 8, 30
"c:\Users\User\Desktop\Tesla\Relative 3.0\Software Engineering\Project\EzWh\EzWh\code\client\src\EditDeleteBarcodePosition.js", "JavaScript", 0, 136, 0, 0, 0, 0, 0, 0, 11, 147
"c:\Users\User\Desktop\Tesla\Relative 3.0\Software Engineering\Project\EzWh\EzWh\code\client\src\EditDeleteUser.js", "JavaScript", 0, 174, 0, 0, 0, 0, 0, 0, 14, 188
"c:\Users\User\Desktop\Tesla\Relative 3.0\Software Engineering\Project\EzWh\EzWh\code\client\src\EditPositionDeleteSKU.js", "JavaScript", 0, 233, 0, 0, 0, 0, 0, 4, 20, 257
"c:\Users\User\Desktop\Tesla\Relative 3.0\Software Engineering\Project\EzWh\EzWh\code\client\src\Login.css", "CSS", 0, 0, 0, 0, 0, 9, 0, 0, 1, 10
"c:\Users\User\Desktop\Tesla\Relative 3.0\Software Engineering\Project\EzWh\EzWh\code\client\src\Login.js", "JavaScript", 0, 87, 0, 0, 0, 0, 0, 6, 9, 102
"c:\Users\User\Desktop\Tesla\Relative 3.0\Software Engineering\Project\EzWh\EzWh\code\client\src\Manager.js", "JavaScript", 0, 134, 0, 0, 0, 0, 0, 0, 9, 143
"c:\Users\User\Desktop\Tesla\Relative 3.0\Software Engineering\Project\EzWh\EzWh\code\client\src\NavbarCustom.js", "JavaScript", 0, 110, 0, 0, 0, 0, 0, 0, 17, 127
"c:\Users\User\Desktop\Tesla\Relative 3.0\Software Engineering\Project\EzWh\EzWh\code\client\src\NewClientForm.css", "CSS", 0, 0, 0, 0, 0, 9, 0, 0, 1, 10
"c:\Users\User\Desktop\Tesla\Relative 3.0\Software Engineering\Project\EzWh\EzWh\code\client\src\NewEditItem.js", "JavaScript", 0, 214, 0, 0, 0, 0, 0, 0, 20, 234
"c:\Users\User\Desktop\Tesla\Relative 3.0\Software Engineering\Project\EzWh\EzWh\code\client\src\NewEditSKU.js", "JavaScript", 0, 253, 0, 0, 0, 0, 0, 0, 16, 269
"c:\Users\User\Desktop\Tesla\Relative 3.0\Software Engineering\Project\EzWh\EzWh\code\client\src\NewEditTestDescriptor.js", "JavaScript", 0, 212, 0, 0, 0, 0, 0, 0, 17, 229
"c:\Users\User\Desktop\Tesla\Relative 3.0\Software Engineering\Project\EzWh\EzWh\code\client\src\NewInternalOrder.js", "JavaScript", 0, 192, 0, 0, 0, 0, 0, 1, 31, 224
"c:\Users\User\Desktop\Tesla\Relative 3.0\Software Engineering\Project\EzWh\EzWh\code\client\src\NewPosition.js", "JavaScript", 0, 318, 0, 0, 0, 0, 0, 0, 15, 333
"c:\Users\User\Desktop\Tesla\Relative 3.0\Software Engineering\Project\EzWh\EzWh\code\client\src\NewRestockOrder.js", "JavaScript", 0, 282, 0, 0, 0, 0, 0, 2, 37, 321
"c:\Users\User\Desktop\Tesla\Relative 3.0\Software Engineering\Project\EzWh\EzWh\code\client\src\NewReturnOrder.js", "JavaScript", 0, 189, 0, 0, 0, 0, 0, 0, 32, 221
"c:\Users\User\Desktop\Tesla\Relative 3.0\Software Engineering\Project\EzWh\EzWh\code\client\src\NewUserForm.js", "JavaScript", 0, 164, 0, 0, 0, 0, 0, 0, 13, 177
"c:\Users\User\Desktop\Tesla\Relative 3.0\Software Engineering\Project\EzWh\EzWh\code\client\src\QualityEmployee.js", "JavaScript", 0, 22, 0, 0, 0, 0, 0, 0, 8, 30
"c:\Users\User\Desktop\Tesla\Relative 3.0\Software Engineering\Project\EzWh\EzWh\code\client\src\ShowItem.js", "JavaScript", 0, 92, 0, 0, 0, 0, 0, 0, 11, 103
"c:\Users\User\Desktop\Tesla\Relative 3.0\Software Engineering\Project\EzWh\EzWh\code\client\src\StockRO.js", "JavaScript", 0, 117, 0, 0, 0, 0, 0, 0, 12, 129
"c:\Users\User\Desktop\Tesla\Relative 3.0\Software Engineering\Project\EzWh\EzWh\code\client\src\Supplier.js", "JavaScript", 0, 41, 0, 0, 0, 0, 0, 0, 7, 48
"c:\Users\User\Desktop\Tesla\Relative 3.0\Software Engineering\Project\EzWh\EzWh\code\client\src\TestRO.js", "JavaScript", 0, 187, 0, 0, 0, 0, 0, 0, 24, 211
"c:\Users\User\Desktop\Tesla\Relative 3.0\Software Engineering\Project\EzWh\EzWh\code\client\src\index.css", "CSS", 0, 0, 0, 0, 0, 12, 0, 0, 2, 14
"c:\Users\User\Desktop\Tesla\Relative 3.0\Software Engineering\Project\EzWh\EzWh\code\client\src\index.js", "JavaScript", 0, 12, 0, 0, 0, 0, 0, 3, 3, 18
"c:\Users\User\Desktop\Tesla\Relative 3.0\Software Engineering\Project\EzWh\EzWh\code\client\src\logo.svg", "XML", 0, 0, 0, 0, 0, 0, 1, 0, 0, 1
"c:\Users\User\Desktop\Tesla\Relative 3.0\Software Engineering\Project\EzWh\EzWh\code\client\src\reportWebVitals.js", "JavaScript", 0, 12, 0, 0, 0, 0, 0, 0, 2, 14
"c:\Users\User\Desktop\Tesla\Relative 3.0\Software Engineering\Project\EzWh\EzWh\code\client\src\setupTests.js", "JavaScript", 0, 1, 0, 0, 0, 0, 0, 4, 1, 6
"c:\Users\User\Desktop\Tesla\Relative 3.0\Software Engineering\Project\EzWh\EzWh\code\server\README.md", "Markdown", 0, 0, 7, 0, 0, 0, 0, 0, 2, 9
"c:\Users\User\Desktop\Tesla\Relative 3.0\Software Engineering\Project\EzWh\EzWh\code\server\acceptanceTest\crud\test-CRUD-InternalOrder.js", "JavaScript", 0, 47, 0, 0, 0, 0, 0, 0, 12, 59
"c:\Users\User\Desktop\Tesla\Relative 3.0\Software Engineering\Project\EzWh\EzWh\code\server\acceptanceTest\crud\test-CRUD-Item.js", "JavaScript", 0, 52, 0, 0, 0, 0, 0, 0, 12, 64
"c:\Users\User\Desktop\Tesla\Relative 3.0\Software Engineering\Project\EzWh\EzWh\code\server\acceptanceTest\crud\test-CRUD-Position.js", "JavaScript", 0, 54, 0, 0, 0, 0, 0, 5, 11, 70
"c:\Users\User\Desktop\Tesla\Relative 3.0\Software Engineering\Project\EzWh\EzWh\code\server\acceptanceTest\crud\test-CRUD-RestockOrder.js", "JavaScript", 0, 75, 0, 0, 0, 0, 0, 0, 17, 92
"c:\Users\User\Desktop\Tesla\Relative 3.0\Software Engineering\Project\EzWh\EzWh\code\server\acceptanceTest\crud\test-CRUD-ReturnOrder.js", "JavaScript", 0, 77, 0, 0, 0, 0, 0, 0, 16, 93
"c:\Users\User\Desktop\Tesla\Relative 3.0\Software Engineering\Project\EzWh\EzWh\code\server\acceptanceTest\crud\test-CRUD-SKUitems.js", "JavaScript", 0, 53, 0, 0, 0, 0, 0, 4, 10, 67
"c:\Users\User\Desktop\Tesla\Relative 3.0\Software Engineering\Project\EzWh\EzWh\code\server\acceptanceTest\crud\test-CRUD-SKUs.js", "JavaScript", 0, 46, 0, 0, 0, 0, 0, 0, 8, 54
"c:\Users\User\Desktop\Tesla\Relative 3.0\Software Engineering\Project\EzWh\EzWh\code\server\acceptanceTest\crud\test-CRUD-TestDescriptor.js", "JavaScript", 0, 56, 0, 0, 0, 0, 0, 5, 8, 69
"c:\Users\User\Desktop\Tesla\Relative 3.0\Software Engineering\Project\EzWh\EzWh\code\server\acceptanceTest\crud\test-CRUD-TestResult.js", "JavaScript", 0, 62, 0, 0, 0, 0, 0, 4, 11, 77
"c:\Users\User\Desktop\Tesla\Relative 3.0\Software Engineering\Project\EzWh\EzWh\code\server\acceptanceTest\crud\test-CRUD-User.js", "JavaScript", 0, 23, 0, 0, 0, 0, 0, 0, 4, 27
"c:\Users\User\Desktop\Tesla\Relative 3.0\Software Engineering\Project\EzWh\EzWh\code\server\acceptanceTest\testEzWhAPI.js", "JavaScript", 0, 154, 0, 0, 0, 0, 0, 0, 20, 174
"c:\Users\User\Desktop\Tesla\Relative 3.0\Software Engineering\Project\EzWh\EzWh\code\server\acceptanceTest\utils-id.js", "JavaScript", 0, 81, 0, 0, 0, 0, 0, 0, 20, 101
"c:\Users\User\Desktop\Tesla\Relative 3.0\Software Engineering\Project\EzWh\EzWh\code\server\acceptanceTest\utils-internalorder.js", "JavaScript", 0, 141, 0, 0, 0, 0, 0, 8, 17, 166
"c:\Users\User\Desktop\Tesla\Relative 3.0\Software Engineering\Project\EzWh\EzWh\code\server\acceptanceTest\utils-items.js", "JavaScript", 0, 149, 0, 0, 0, 0, 0, 4, 18, 171
"c:\Users\User\Desktop\Tesla\Relative 3.0\Software Engineering\Project\EzWh\EzWh\code\server\acceptanceTest\utils-positions.js", "JavaScript", 0, 99, 0, 0, 0, 0, 0, 6, 11, 116
"c:\Users\User\Desktop\Tesla\Relative 3.0\Software Engineering\Project\EzWh\EzWh\code\server\acceptanceTest\utils-restockorder.js", "JavaScript", 0, 263, 0, 0, 0, 0, 0, 8, 25, 296
"c:\Users\User\Desktop\Tesla\Relative 3.0\Software Engineering\Project\EzWh\EzWh\code\server\acceptanceTest\utils-returnorder.js", "JavaScript", 0, 129, 0, 0, 0, 0, 0, 16, 15, 160
"c:\Users\User\Desktop\Tesla\Relative 3.0\Software Engineering\Project\EzWh\EzWh\code\server\acceptanceTest\utils-sku.js", "JavaScript", 0, 189, 0, 0, 0, 0, 0, 6, 21, 216
"c:\Users\User\Desktop\Tesla\Relative 3.0\Software Engineering\Project\EzWh\EzWh\code\server\acceptanceTest\utils-skuitems.js", "JavaScript", 0, 167, 0, 0, 0, 0, 0, 29, 20, 216
"c:\Users\User\Desktop\Tesla\Relative 3.0\Software Engineering\Project\EzWh\EzWh\code\server\acceptanceTest\utils-testdescriptor.js", "JavaScript", 0, 187, 0, 0, 0, 0, 0, 7, 16, 210
"c:\Users\User\Desktop\Tesla\Relative 3.0\Software Engineering\Project\EzWh\EzWh\code\server\acceptanceTest\utils-testresult.js", "JavaScript", 0, 183, 0, 0, 0, 0, 0, 9, 19, 211
"c:\Users\User\Desktop\Tesla\Relative 3.0\Software Engineering\Project\EzWh\EzWh\code\server\acceptanceTest\utils-users.js", "JavaScript", 0, 128, 0, 0, 0, 0, 0, 18, 25, 171
"c:\Users\User\Desktop\Tesla\Relative 3.0\Software Engineering\Project\EzWh\EzWh\code\server\api\components\index.js", "JavaScript", 0, 41, 0, 0, 0, 0, 0, 2, 13, 56
"c:\Users\User\Desktop\Tesla\Relative 3.0\Software Engineering\Project\EzWh\EzWh\code\server\api\components\internalOrder\controller.js", "JavaScript", 0, 129, 0, 0, 0, 0, 0, 10, 33, 172
"c:\Users\User\Desktop\Tesla\Relative 3.0\Software Engineering\Project\EzWh\EzWh\code\server\api\components\internalOrder\dao.js", "JavaScript", 0, 90, 0, 0, 0, 0, 0, 0, 30, 120
"c:\Users\User\Desktop\Tesla\Relative 3.0\Software Engineering\Project\EzWh\EzWh\code\server\api\components\internalOrder\error.js", "JavaScript", 0, 24, 0, 0, 0, 0, 0, 0, 7, 31
"c:\Users\User\Desktop\Tesla\Relative 3.0\Software Engineering\Project\EzWh\EzWh\code\server\api\components\internalOrder\internalOrder.js", "JavaScript", 0, 31, 0, 0, 0, 0, 0, 0, 10, 41
"c:\Users\User\Desktop\Tesla\Relative 3.0\Software Engineering\Project\EzWh\EzWh\code\server\api\components\internalOrder\routes.js", "JavaScript", 0, 75, 0, 0, 0, 0, 0, 0, 9, 84
"c:\Users\User\Desktop\Tesla\Relative 3.0\Software Engineering\Project\EzWh\EzWh\code\server\api\components\item\controller.js", "JavaScript", 0, 48, 0, 0, 0, 0, 0, 1, 12, 61
"c:\Users\User\Desktop\Tesla\Relative 3.0\Software Engineering\Project\EzWh\EzWh\code\server\api\components\item\dao.js", "JavaScript", 0, 30, 0, 0, 0, 0, 0, 1, 10, 41
"c:\Users\User\Desktop\Tesla\Relative 3.0\Software Engineering\Project\EzWh\EzWh\code\server\api\components\item\error.js", "JavaScript", 0, 31, 0, 0, 0, 0, 0, 0, 9, 40
"c:\Users\User\Desktop\Tesla\Relative 3.0\Software Engineering\Project\EzWh\EzWh\code\server\api\components\item\item.js", "JavaScript", 0, 14, 0, 0, 0, 0, 0, 0, 4, 18
"c:\Users\User\Desktop\Tesla\Relative 3.0\Software Engineering\Project\EzWh\EzWh\code\server\api\components\item\routes.js", "JavaScript", 0, 66, 0, 0, 0, 0, 0, 0, 7, 73
"c:\Users\User\Desktop\Tesla\Relative 3.0\Software Engineering\Project\EzWh\EzWh\code\server\api\components\position\controller.js", "JavaScript", 0, 66, 0, 0, 0, 0, 0, 1, 18, 85
"c:\Users\User\Desktop\Tesla\Relative 3.0\Software Engineering\Project\EzWh\EzWh\code\server\api\components\position\dao.js", "JavaScript", 0, 37, 0, 0, 0, 0, 0, 1, 13, 51
"c:\Users\User\Desktop\Tesla\Relative 3.0\Software Engineering\Project\EzWh\EzWh\code\server\api\components\position\error.js", "JavaScript", 0, 38, 0, 0, 0, 0, 0, 0, 11, 49
"c:\Users\User\Desktop\Tesla\Relative 3.0\Software Engineering\Project\EzWh\EzWh\code\server\api\components\position\position.js", "JavaScript", 0, 17, 0, 0, 0, 0, 0, 0, 4, 21
"c:\Users\User\Desktop\Tesla\Relative 3.0\Software Engineering\Project\EzWh\EzWh\code\server\api\components\position\routes.js", "JavaScript", 0, 80, 0, 0, 0, 0, 0, 0, 9, 89
"c:\Users\User\Desktop\Tesla\Relative 3.0\Software Engineering\Project\EzWh\EzWh\code\server\api\components\restock_order\controller.js", "JavaScript", 0, 125, 0, 0, 0, 0, 0, 8, 39, 172
"c:\Users\User\Desktop\Tesla\Relative 3.0\Software Engineering\Project\EzWh\EzWh\code\server\api\components\restock_order\dao.js", "JavaScript", 0, 67, 0, 0, 0, 0, 0, 4, 22, 93
"c:\Users\User\Desktop\Tesla\Relative 3.0\Software Engineering\Project\EzWh\EzWh\code\server\api\components\restock_order\error.js", "JavaScript", 0, 45, 0, 0, 0, 0, 0, 0, 13, 58
"c:\Users\User\Desktop\Tesla\Relative 3.0\Software Engineering\Project\EzWh\EzWh\code\server\api\components\restock_order\product.js", "JavaScript", 0, 7, 0, 0, 0, 0, 0, 0, 1, 8
"c:\Users\User\Desktop\Tesla\Relative 3.0\Software Engineering\Project\EzWh\EzWh\code\server\api\components\restock_order\restockOrder.js", "JavaScript", 0, 55, 0, 0, 0, 0, 0, 0, 8, 63
"c:\Users\User\Desktop\Tesla\Relative 3.0\Software Engineering\Project\EzWh\EzWh\code\server\api\components\restock_order\routes.js", "JavaScript", 0, 90, 0, 0, 0, 0, 0, 0, 11, 101
"c:\Users\User\Desktop\Tesla\Relative 3.0\Software Engineering\Project\EzWh\EzWh\code\server\api\components\returnOrder\controller.js", "JavaScript", 0, 77, 0, 0, 0, 0, 0, 9, 19, 105
"c:\Users\User\Desktop\Tesla\Relative 3.0\Software Engineering\Project\EzWh\EzWh\code\server\api\components\returnOrder\dao.js", "JavaScript", 0, 41, 0, 0, 0, 0, 0, 0, 17, 58
"c:\Users\User\Desktop\Tesla\Relative 3.0\Software Engineering\Project\EzWh\EzWh\code\server\api\components\returnOrder\error.js", "JavaScript", 0, 17, 0, 0, 0, 0, 0, 0, 5, 22
"c:\Users\User\Desktop\Tesla\Relative 3.0\Software Engineering\Project\EzWh\EzWh\code\server\api\components\returnOrder\products.js", "JavaScript", 0, 9, 0, 0, 0, 0, 0, 0, 2, 11
"c:\Users\User\Desktop\Tesla\Relative 3.0\Software Engineering\Project\EzWh\EzWh\code\server\api\components\returnOrder\returnOrder.js", "JavaScript", 0, 9, 0, 0, 0, 0, 0, 0, 2, 11
"c:\Users\User\Desktop\Tesla\Relative 3.0\Software Engineering\Project\EzWh\EzWh\code\server\api\components\returnOrder\routes.js", "JavaScript", 0, 50, 0, 0, 0, 0, 0, 0, 7, 57
"c:\Users\User\Desktop\Tesla\Relative 3.0\Software Engineering\Project\EzWh\EzWh\code\server\api\components\skuItem\SKUItem.js", "JavaScript", 0, 29, 0, 0, 0, 0, 0, 0, 7, 36
"c:\Users\User\Desktop\Tesla\Relative 3.0\Software Engineering\Project\EzWh\EzWh\code\server\api\components\skuItem\controller.js", "JavaScript", 0, 90, 0, 0, 0, 0, 0, 3, 27, 120
"c:\Users\User\Desktop\Tesla\Relative 3.0\Software Engineering\Project\EzWh\EzWh\code\server\api\components\skuItem\dao.js", "JavaScript", 0, 49, 0, 0, 0, 0, 0, 1, 17, 67
"c:\Users\User\Desktop\Tesla\Relative 3.0\Software Engineering\Project\EzWh\EzWh\code\server\api\components\skuItem\error.js", "JavaScript", 0, 24, 0, 0, 0, 0, 0, 0, 8, 32
"c:\Users\User\Desktop\Tesla\Relative 3.0\Software Engineering\Project\EzWh\EzWh\code\server\api\components\skuItem\routes.js", "JavaScript", 0, 69, 0, 0, 0, 0, 0, 0, 10, 79
"c:\Users\User\Desktop\Tesla\Relative 3.0\Software Engineering\Project\EzWh\EzWh\code\server\api\components\sku\controller.js", "JavaScript", 0, 75, 0, 0, 0, 0, 0, 2, 19, 96
"c:\Users\User\Desktop\Tesla\Relative 3.0\Software Engineering\Project\EzWh\EzWh\code\server\api\components\sku\dao.js", "JavaScript", 0, 61, 0, 0, 0, 0, 0, 1, 25, 87
"c:\Users\User\Desktop\Tesla\Relative 3.0\Software Engineering\Project\EzWh\EzWh\code\server\api\components\sku\error.js", "JavaScript", 0, 31, 0, 0, 0, 0, 0, 0, 9, 40
"c:\Users\User\Desktop\Tesla\Relative 3.0\Software Engineering\Project\EzWh\EzWh\code\server\api\components\sku\routes.js", "JavaScript", 0, 78, 0, 0, 0, 0, 0, 0, 8, 86
"c:\Users\User\Desktop\Tesla\Relative 3.0\Software Engineering\Project\EzWh\EzWh\code\server\api\components\sku\sku.js", "JavaScript", 0, 36, 0, 0, 0, 0, 0, 0, 8, 44
"c:\Users\User\Desktop\Tesla\Relative 3.0\Software Engineering\Project\EzWh\EzWh\code\server\api\components\test_descriptor\controller.js", "JavaScript", 0, 55, 0, 0, 0, 0, 0, 1, 13, 69
"c:\Users\User\Desktop\Tesla\Relative 3.0\Software Engineering\Project\EzWh\EzWh\code\server\api\components\test_descriptor\dao.js", "JavaScript", 0, 48, 0, 0, 0, 0, 0, 1, 18, 67
"c:\Users\User\Desktop\Tesla\Relative 3.0\Software Engineering\Project\EzWh\EzWh\code\server\api\components\test_descriptor\error.js", "JavaScript", 0, 24, 0, 0, 0, 0, 0, 0, 7, 31
"c:\Users\User\Desktop\Tesla\Relative 3.0\Software Engineering\Project\EzWh\EzWh\code\server\api\components\test_descriptor\routes.js", "JavaScript", 0, 62, 0, 0, 0, 0, 0, 0, 8, 70
"c:\Users\User\Desktop\Tesla\Relative 3.0\Software Engineering\Project\EzWh\EzWh\code\server\api\components\test_descriptor\testDescriptor.js", "JavaScript", 0, 14, 0, 0, 0, 0, 0, 0, 3, 17
"c:\Users\User\Desktop\Tesla\Relative 3.0\Software Engineering\Project\EzWh\EzWh\code\server\api\components\test_result\controller.js", "JavaScript", 0, 59, 0, 0, 0, 0, 0, 4, 19, 82
"c:\Users\User\Desktop\Tesla\Relative 3.0\Software Engineering\Project\EzWh\EzWh\code\server\api\components\test_result\dao.js", "JavaScript", 0, 37, 0, 0, 0, 0, 0, 2, 13, 52
"c:\Users\User\Desktop\Tesla\Relative 3.0\Software Engineering\Project\EzWh\EzWh\code\server\api\components\test_result\error.js", "JavaScript", 0, 17, 0, 0, 0, 0, 0, 0, 5, 22
"c:\Users\User\Desktop\Tesla\Relative 3.0\Software Engineering\Project\EzWh\EzWh\code\server\api\components\test_result\routes.js", "JavaScript", 0, 67, 0, 0, 0, 0, 0, 0, 8, 75
"c:\Users\User\Desktop\Tesla\Relative 3.0\Software Engineering\Project\EzWh\EzWh\code\server\api\components\test_result\testResult.js", "JavaScript", 0, 24, 0, 0, 0, 0, 0, 0, 4, 28
"c:\Users\User\Desktop\Tesla\Relative 3.0\Software Engineering\Project\EzWh\EzWh\code\server\api\components\user\controller.js", "JavaScript", 0, 99, 0, 0, 0, 0, 0, 1, 33, 133
"c:\Users\User\Desktop\Tesla\Relative 3.0\Software Engineering\Project\EzWh\EzWh\code\server\api\components\user\dao.js", "JavaScript", 0, 44, 0, 0, 0, 0, 0, 2, 17, 63
"c:\Users\User\Desktop\Tesla\Relative 3.0\Software Engineering\Project\EzWh\EzWh\code\server\api\components\user\error.js", "JavaScript", 0, 51, 0, 0, 0, 0, 0, 0, 15, 66
"c:\Users\User\Desktop\Tesla\Relative 3.0\Software Engineering\Project\EzWh\EzWh\code\server\api\components\user\routes.js", "JavaScript", 0, 125, 0, 0, 0, 0, 0, 0, 14, 139
"c:\Users\User\Desktop\Tesla\Relative 3.0\Software Engineering\Project\EzWh\EzWh\code\server\api\components\user\user.js", "JavaScript", 0, 76, 0, 0, 0, 0, 0, 0, 23, 99
"c:\Users\User\Desktop\Tesla\Relative 3.0\Software Engineering\Project\EzWh\EzWh\code\server\api\helper.js", "JavaScript", 0, 21, 0, 0, 0, 0, 0, 1, 8, 30
"c:\Users\User\Desktop\Tesla\Relative 3.0\Software Engineering\Project\EzWh\EzWh\code\server\api\routes.js", "JavaScript", 0, 11, 0, 0, 0, 0, 0, 0, 6, 17
"c:\Users\User\Desktop\Tesla\Relative 3.0\Software Engineering\Project\EzWh\EzWh\code\server\db\AppDAO.js", "JavaScript", 0, 202, 0, 0, 0, 0, 0, 2, 31, 235
"c:\Users\User\Desktop\Tesla\Relative 3.0\Software Engineering\Project\EzWh\EzWh\code\server\miao.plantuml", "PlantUML", 0, 0, 0, 657, 0, 0, 0, 5, 202, 864
"c:\Users\User\Desktop\Tesla\Relative 3.0\Software Engineering\Project\EzWh\EzWh\code\server\package-lock.json", "JSON", 14565, 0, 0, 0, 0, 0, 0, 0, 1, 14566
"c:\Users\User\Desktop\Tesla\Relative 3.0\Software Engineering\Project\EzWh\EzWh\code\server\package.json", "JSON", 41, 0, 0, 0, 0, 0, 0, 0, 1, 42
"c:\Users\User\Desktop\Tesla\Relative 3.0\Software Engineering\Project\EzWh\EzWh\code\server\server.js", "JavaScript", 0, 11, 0, 0, 0, 0, 0, 0, 6, 17
"c:\Users\User\Desktop\Tesla\Relative 3.0\Software Engineering\Project\EzWh\EzWh\code\server\test\internalOrderRouter.js", "JavaScript", 0, 145, 0, 0, 0, 0, 0, 3, 33, 181
"c:\Users\User\Desktop\Tesla\Relative 3.0\Software Engineering\Project\EzWh\EzWh\code\server\test\restockOrderRouter.js", "JavaScript", 0, 220, 0, 0, 0, 0, 0, 4, 47, 271
"c:\Users\User\Desktop\Tesla\Relative 3.0\Software Engineering\Project\EzWh\EzWh\code\server\test\scenarios.js", "JavaScript", 0, 824, 0, 0, 0, 0, 0, 40, 181, 1045
"c:\Users\User\Desktop\Tesla\Relative 3.0\Software Engineering\Project\EzWh\EzWh\code\server\unit_test\integration_test\internalOrder.test.js", "JavaScript", 0, 224, 0, 0, 0, 0, 0, 3, 46, 273
"c:\Users\User\Desktop\Tesla\Relative 3.0\Software Engineering\Project\EzWh\EzWh\code\server\unit_test\integration_test\item.test.js", "JavaScript", 0, 127, 0, 0, 0, 0, 0, 0, 34, 161
"c:\Users\User\Desktop\Tesla\Relative 3.0\Software Engineering\Project\EzWh\EzWh\code\server\unit_test\integration_test\position.test.js", "JavaScript", 0, 165, 0, 0, 0, 0, 0, 0, 45, 210
"c:\Users\User\Desktop\Tesla\Relative 3.0\Software Engineering\Project\EzWh\EzWh\code\server\unit_test\integration_test\restockOrder.test.js", "JavaScript", 0, 214, 0, 0, 0, 0, 0, 4, 36, 254
"c:\Users\User\Desktop\Tesla\Relative 3.0\Software Engineering\Project\EzWh\EzWh\code\server\unit_test\integration_test\sku.test.js", "JavaScript", 0, 125, 0, 0, 0, 0, 0, 0, 32, 157
"c:\Users\User\Desktop\Tesla\Relative 3.0\Software Engineering\Project\EzWh\EzWh\code\server\unit_test\integration_test\skuItem.test.js", "JavaScript", 0, 150, 0, 0, 0, 0, 0, 0, 51, 201
"c:\Users\User\Desktop\Tesla\Relative 3.0\Software Engineering\Project\EzWh\EzWh\code\server\unit_test\integration_test\testDescriptor.test.js", "JavaScript", 0, 200, 0, 0, 0, 0, 0, 0, 40, 240
"c:\Users\User\Desktop\Tesla\Relative 3.0\Software Engineering\Project\EzWh\EzWh\code\server\unit_test\integration_test\testResult.test.js", "JavaScript", 0, 197, 0, 0, 0, 0, 0, 0, 43, 240
"c:\Users\User\Desktop\Tesla\Relative 3.0\Software Engineering\Project\EzWh\EzWh\code\server\unit_test\integration_test\user.test.js", "JavaScript", 0, 223, 0, 0, 0, 0, 0, 0, 51, 274
"c:\Users\User\Desktop\Tesla\Relative 3.0\Software Engineering\Project\EzWh\EzWh\code\server\unit_test\internalOrder.test.js", "JavaScript", 0, 147, 0, 0, 0, 0, 0, 3, 35, 185
"c:\Users\User\Desktop\Tesla\Relative 3.0\Software Engineering\Project\EzWh\EzWh\code\server\unit_test\restockOrder.test.js", "JavaScript", 0, 171, 0, 0, 0, 0, 0, 4, 39, 214
"c:\Users\User\Desktop\Tesla\Relative 3.0\Software Engineering\Project\EzWh\EzWh\code\server\unit_test\sku.test.js", "JavaScript", 0, 225, 0, 0, 0, 0, 0, 1, 53, 279
"c:\Users\User\Desktop\Tesla\Relative 3.0\Software Engineering\Project\EzWh\EzWh\code\server\unit_test\skuItem.test.js", "JavaScript", 0, 51, 0, 0, 0, 0, 0, 0, 32, 83
"c:\Users\User\Desktop\Tesla\Relative 3.0\Software Engineering\Project\EzWh\EzWh\code\server\unit_test\testDescriptor.test.js", "JavaScript", 0, 158, 0, 0, 0, 0, 0, 0, 33, 191
"c:\Users\User\Desktop\Tesla\Relative 3.0\Software Engineering\Project\EzWh\EzWh\code\server\unit_test\testResult.test.js", "JavaScript", 0, 164, 0, 0, 0, 0, 0, 1, 33, 198
"c:\Users\User\Desktop\Tesla\Relative 3.0\Software Engineering\Project\EzWh\EzWh\code\server\unit_test\user.test.js", "JavaScript", 0, 57, 0, 0, 0, 0, 0, 0, 37, 94
"Total", "-", 42483, 16231, 68, 657, 20, 114, 1, 403, 2851, 62828